mes,comunidad,canal,ventas_2026,ventas_2025,objetivo_2026,pedidos_2026
2026-01,Aragón,Colegios,59339,55862,57402,32
2026-01,Aragón,Librerías,38804,36658,36652,92
2026-01,Aragón,Online,16414,13079,15511,414
2026-01,Madrid,Colegios,129655,127113,130310,70
2026-01,Madrid,Librerías,84644,82778,86637,199
2026-01,Madrid,Online,40320,31379,41733,1039
2026-01,Cataluña,Colegios,97832,91912,104390,56
2026-01,Cataluña,Librerías,62419,59738,67491,147
2026-01,Cataluña,Online,29899,23291,31583,764
2026-01,Andalucía,Colegios,95964,91872,99219,54
2026-01,Andalucía,Librerías,59011,55525,62193,143
2026-01,Andalucía,Online,26033,20919,27145,711
2026-01,Comunidad Valenciana,Colegios,82116,77953,94037,44
2026-01,Comunidad Valenciana,Librerías,49911,48268,55299,119
2026-01,Comunidad Valenciana,Online,21469,17349,24378,569
2026-02,Aragón,Colegios,56923,54122,55161,32
2026-02,Aragón,Librerías,34704,32964,33823,86
2026-02,Aragón,Online,15543,12557,14683,417
2026-02,Madrid,Colegios,118879,117689,122867,65
2026-02,Madrid,Librerías,72738,69975,72805,173
2026-02,Madrid,Online,32038,25042,32116,866
2026-02,Cataluña,Colegios,86771,82170,92895,50
2026-02,Cataluña,Librerías,54670,51908,58901,135
2026-02,Cataluña,Online,27580,22546,29393,720
2026-02,Andalucía,Colegios,81555,80226,86509,44
2026-02,Andalucía,Librerías,50407,47234,51947,120
2026-02,Andalucía,Online,24299,19163,24810,634
2026-02,Comunidad Valenciana,Colegios,69426,67021,79420,39
2026-02,Comunidad Valenciana,Librerías,44977,43138,50893,102
2026-02,Comunidad Valenciana,Online,21541,17522,24566,584
2026-03,Aragón,Colegios,56594,54088,53555,32
2026-03,Aragón,Librerías,34230,31754,32530,79
2026-03,Aragón,Online,16204,12615,15269,412
2026-03,Madrid,Colegios,116855,111441,116976,67
2026-03,Madrid,Librerías,79794,74392,80616,187
2026-03,Madrid,Online,35021,27383,36235,967
2026-03,Cataluña,Colegios,96777,92965,102338,52
2026-03,Cataluña,Librerías,60350,56665,65747,139
2026-03,Cataluña,Online,26177,21508,28179,665
2026-03,Andalucía,Colegios,88934,83087,92744,52
2026-03,Andalucía,Librerías,58954,56807,60823,138
2026-03,Andalucía,Online,24311,19766,25357,658
2026-03,Comunidad Valenciana,Colegios,73348,69355,83441,43
2026-03,Comunidad Valenciana,Librerías,50039,48531,56940,122
2026-03,Comunidad Valenciana,Online,20846,16694,23287,523
2026-04,Aragón,Colegios,56819,53911,54108,32
2026-04,Aragón,Librerías,41078,38998,40188,103
2026-04,Aragón,Online,18668,14813,17749,478
2026-04,Madrid,Colegios,125476,118510,128672,72
2026-04,Madrid,Librerías,87123,82873,89446,214
2026-04,Madrid,Online,35603,28757,36925,963
2026-04,Cataluña,Colegios,106566,102332,113113,61
2026-04,Cataluña,Librerías,63808,61866,69905,150
2026-04,Cataluña,Online,29290,24060,31778,745
2026-04,Andalucía,Colegios,88713,83515,93906,51
2026-04,Andalucía,Librerías,56458,54823,59940,137
2026-04,Andalucía,Online,26435,21209,27130,662
2026-04,Comunidad Valenciana,Colegios,84805,82276,95388,49
2026-04,Comunidad Valenciana,Librerías,50022,48703,56938,116
2026-04,Comunidad Valenciana,Online,22153,17502,24632,588
2026-05,Aragón,Colegios,71855,68756,68072,42
2026-05,Aragón,Librerías,46224,43912,44594,115
2026-05,Aragón,Online,21212,17395,20397,560
2026-05,Madrid,Colegios,160687,150045,163574,86
2026-05,Madrid,Librerías,94581,91694,95246,225
2026-05,Madrid,Online,47657,38254,48291,1256
2026-05,Cataluña,Colegios,126817,124019,134214,71
2026-05,Cataluña,Librerías,77048,72397,83750,184
2026-05,Cataluña,Online,36614,29748,40019,958
2026-05,Andalucía,Colegios,116202,111770,121103,66
2026-05,Andalucía,Librerías,72116,68819,75054,179
2026-05,Andalucía,Online,33920,27749,35959,871
2026-05,Comunidad Valenciana,Colegios,98050,96786,111667,52
2026-05,Comunidad Valenciana,Librerías,58441,55465,64541,136
2026-05,Comunidad Valenciana,Online,26374,21313,29970,722
2026-06,Aragón,Colegios,102927,100252,99603,55
2026-06,Aragón,Librerías,72319,70807,68757,180
2026-06,Aragón,Online,30756,24586,30152,836
2026-06,Madrid,Colegios,221919,212507,226589,121
2026-06,Madrid,Librerías,141543,133335,145715,321
2026-06,Madrid,Online,67709,53973,67758,1752
2026-06,Cataluña,Colegios,186216,179185,196742,108
2026-06,Cataluña,Librerías,120849,118352,127891,281
2026-06,Cataluña,Online,49397,40179,52627,1252
2026-06,Andalucía,Colegios,164589,162165,173634,89
2026-06,Andalucía,Librerías,100416,98040,104896,244
2026-06,Andalucía,Online,45241,35232,47481,1182
2026-06,Comunidad Valenciana,Colegios,132973,131222,150211,76
2026-06,Comunidad Valenciana,Librerías,84529,82225,93330,209
2026-06,Comunidad Valenciana,Online,40536,32116,45643,1112
2026-07,Aragón,Colegios,156967,147572,151093,85
2026-07,Aragón,Librerías,97330,90813,91904,225
2026-07,Aragón,Online,45568,36028,44270,1174
2026-07,Madrid,Colegios,349444,329511,354394,185
2026-07,Madrid,Librerías,214012,197894,220416,512
2026-07,Madrid,Online,96418,77017,100096,2437
2026-07,Cataluña,Colegios,286819,274665,308346,165
2026-07,Cataluña,Librerías,171632,163525,185936,428
2026-07,Cataluña,Online,77456,63200,83975,2066
2026-07,Andalucía,Colegios,246270,234632,251958,132
2026-07,Andalucía,Librerías,148880,143840,153568,343
2026-07,Andalucía,Online,67812,55360,71684,1815
2026-07,Comunidad Valenciana,Colegios,205683,194713,229191,114
2026-07,Comunidad Valenciana,Librerías,128185,121684,142664,319
2026-07,Comunidad Valenciana,Online,65249,52347,72565,1797
2026-08,Aragón,Colegios,203972,194440,192213,112
2026-08,Aragón,Librerías,132518,126228,125897,316
2026-08,Aragón,Online,56260,44371,53209,1466
2026-08,Madrid,Colegios,422398,394515,427643,228
2026-08,Madrid,Librerías,289872,276552,298752,701
2026-08,Madrid,Online,134137,109751,136270,3469
2026-08,Cataluña,Colegios,378707,356482,410863,213
2026-08,Cataluña,Librerías,210685,204689,230095,508
2026-08,Cataluña,Online,105649,86103,111962,2787
2026-08,Andalucía,Colegios,322597,316423,340134,185
2026-08,Andalucía,Librerías,207008,201797,217211,502
2026-08,Andalucía,Online,89484,69573,91844,2322
2026-08,Comunidad Valenciana,Colegios,258882,253941,291560,146
2026-08,Comunidad Valenciana,Librerías,176983,170383,198772,400
2026-08,Comunidad Valenciana,Online,82345,66857,92533,2175
2026-09,Aragón,Colegios,186591,174743,181113,101
2026-09,Aragón,Librerías,108929,102283,105700,252
2026-09,Aragón,Online,54418,44777,52312,1415
2026-09,Madrid,Colegios,391965,381043,404235,220
2026-09,Madrid,Librerías,254466,236205,255998,591
2026-09,Madrid,Online,117261,92708,119979,2935
2026-09,Cataluña,Colegios,289882,274865,313845,164
2026-09,Cataluña,Librerías,200842,188878,216102,477
2026-09,Cataluña,Online,88680,69320,96856,2264
2026-09,Andalucía,Colegios,299596,295614,306056,166
2026-09,Andalucía,Librerías,186181,182295,193546,433
2026-09,Andalucía,Online,77710,63830,80011,2062
2026-09,Comunidad Valenciana,Colegios,226709,218304,259342,121
2026-09,Comunidad Valenciana,Librerías,158260,150803,180572,384
2026-09,Comunidad Valenciana,Online,66261,54274,74409,1661
